# Upgrade and path names extracted from SkyRipper character JSON;
# key	name	base1	base2	base3	base4	primary_path	primary1	primary2	primary3	secondary_path	secondary1	secondary2	secondary3	soul_gem	wow_pow	source
airstrike	Air Strike	Spinning Bird Fist!	Storm Front Finish	We Have Liftoff	Side of Eggs	Primal Elements	Eye of the Storm	Gale Force	One with the Elements	What Goes Up	Free Range Eggs	Smooth Landing	Chance of Showers	Secret Falling Palm Strike!	Fight and Flight	https://skylanders.fandom.com/wiki/Air_Strike
ambush	Ambush	Meditative Strike	Arboreal Upheaval	Leaf on the Wind	Mark of the Angry Tree	The Master Splinterer	Pruning the Hedges	Slam Trunk	Spinning Bamboo Piledriver	Go Go Forest Ranger	Wood Knocks You!	The Sharing Tree	A New Leaf on Life	Nature's Revenge	Foreseen Victory	https://skylanders.fandom.com/wiki/Ambush
astroblast	Astroblast	Starsault	Solar Field	Solar Powered	Space Rocks!	Cosmic Technology	Surface of the Sun	Meatier Meteors	Star Light: Star Bright	Nova Hopper	Meteor Shower	Full Spectrum	Supernova	Wool Encounters		https://skylanders.fandom.com/wiki/Astroblast
aurora	Aurora	Light Burst	Speed of Light	Brighter Light	Extended Reach	Akimo Master	Sword Techniques	Rapid Strike Mode	Dervish	Fastest Skylander Alive	Forever Runner	Momentum	Explosive Finish	Eon's Power	Flicker Flash	https://skylanders.fandom.com/wiki/Aurora
badjuju	Bad Juju	Windy Wail	Snack Attack	Airspeed Velocity	Tornado Slash	Mother Nature	Static Shock	A Storm of Blades	A Cut-ter Cut-tastrophe	The Voodoo That You Do	Child Protection	Voodoo Curse	The Main Attraction	Overeating	Harnessing Havoc	https://skylanders.fandom.com/wiki/Bad_Juju_(character)
barbella	Barbella	Cubic Runic Rock	Unsteady Ground	Have a Gneiss Day	Rocks in a Hard Place	Seismic Smasher	Gifts of the Deadlift	Caving In	Rocky Roads	Ruler of Rocks	For the Crater Good	Rocky Rebound	Boulder and All the Wiser	Taken for Granite	Do You Even Lift?	https://skylanders.fandom.com/wiki/Barbella
bash	Bash	Tennis Tail	Iron Tail	Summoning: Stone Projection	Double Roll	Granite Dragon	Mace of Destruction	Summoning: Stone Uppercut	Gaia Hammer	Pulver Dragon	Pulver Roll	Earthen Force Roll	Continental Boulder	Triceratops Honor Guard	Rolling Thunder	https://skylander.fandom.com/wiki/Bash
batspin	Bat Spin	Healing Bite	Brawny Bats	Go Batty!	A Colony of Bats	Pet Purveyor	Mr. Dizzy	Mr. Blocky	Mr. Bitey	Bat Betterment	Bat-tle Cry	Ultimate Bat Squad	Chiropteran Call	Great Balls of Bats!	Bat Friends (Primary Attack) / Monster Bat (Secondary Attack) / Bat Cyclone (requires level: 3) / Ball of Bats (requires level: 6) / Bat Squad (requires level: 9)	https://skylanders.fandom.com/wiki/Bat_Spin
bigbubblepopfizz	Big Bubble Pop Fizz	Mixture Modifier	Know Your Bases	Genetic Engineering	Side Effects	Alchemic Maestro	Larger Lungs	For Science!	Follow The Formula	Brass of the Beast	Better Beast	Juiced Up!	Feed The Beast	Spiked Punch!		https://skylanders.fandom.com/wiki/Big_Bubble_Pop_Fizz
blackout	Blackout	Black Hole	Darkness Overload	Shadow Blade	Take it Black	Wing Warrior	A Spinning Finish	Whip It Up	Warp Speed	Prince of Darkness	Dark Energy Clouds	Under the Cover of Darkness	Cloud Gravity	Supernova Black Hole		https://skylanders.fandom.com/wiki/Blackout
blades	Blades	Cyclone Swirl	Sharpened Wings	Shard Harder	Wind At Your Back	Wind Wielder	Follow Like The Wind	Crushing Cyclones	Shielding Swirl	Shard Shooter	Slice Shards	Cutting Edge	Shard Shrapnel	Instant Swirl Shards!		https://skylanders.fandom.com/wiki/Blades
blastermind	Blastermind	Tasty Waves	Brain Freeze	Brain Storm	Down to Earth	Psychokinetic	Brain Blowout	Remote Control	Mind Mash	Mentalist	Mind Control	The More The Merrier	Mind Blown	Lock Puzzle Psychic		https://skylanders.fandom.com/wiki/Blastermind
blastertron	Blaster-Tron	Taser Tethers	Energy Extender	Saber Sweep and Field Follower	Sharper Sabers	Supremacy of Sabers	Holographic Helpers	Software Update	Get to the point!	Brighter Light Show	Rocket Fuel	Pocket Rockets	Lights Out!	Beaming with Delight / Kaiju Believe it?		https://skylanders.fandom.com/wiki/Blaster-Tron_(character)
bonebashrollerbrawl	Bone Bash Roller Brawl	Love Bites	Skaters Gonna Skate	Derby Damage	Crossover Technique	Brawler Derby	Jam-Time	Serious Substitution	Always Wear a Helmet	Waller Derby	Eat Pavement	Blocker Boutfit	Contagious Kiss	Brawling Bout!		https://skylanders.fandom.com/wiki/Bone_Bash_Roller_Brawl
boombloom	Boom Bloom	Spore Seeds	Puff of Pollen	Spore Shower	Plenty of Plants	Spore Seed Specialist	Potent Pollen	Thorn Thrasher	In Full Bloom	Grow Green!	Greener Grasps	Spikey Situations	Hungry Herbivore	Petal to the Mettle	Whipper Snapper	https://skylanders.fandom.com/wiki/Boom_Bloom
boomer	Boomer	Dynamite Fuse Fake-Out	Bash Smash	Troll Bomb	Triple Bundle Dynamite	Demolition Troll	Bomblastic	Troll Bombs Away	An Accident Waiting to Happen	Clobber Troll	Havoc Smash	Stupification	Megaton Charged Super Smash	Troll Bomb Boot		https://skylanders.fandom.com/wiki/Boomer
bouncer	Bouncer	I-Beam	Targeting Computer	Machine Fingerguns	Cooler I-Beam	Robot Rocketeer	Double Targets	Rockets on Demand	Atomic Clouds	I-Beam Supreme	Super Machine Fingerguns	Professionally Cool I-Beam	Laser Mines	Fists of Destruction		https://skylanders.fandom.com/wiki/Bouncer
buckshot	Buckshot	Through and Through	Vortex Boomerang	Now You See Me	Speedy Exit	Arrows Away!	Not the Face!	Random Selection	Where'd That Come From?	Escape Goat!	Main Attraction	Dimensional Damage	Two for One	More Bang for Your Buck	You've Goat to Be Kidding Me	https://skylanders.fandom.com/wiki/Buckshot
bumbleblast	Bumble Blast	Honey Beecon	Hungry Bees	Hive Mine	Painful Stings	Bee Keeper	Bee Armada	Stirred up a Nest	Queen Bee	Honey Tree	Honey Buzz Blast	Heavy Honey	Honeycomb Bark	Bee-Pack Backpack		https://skylanders.fandom.com/wiki/Bumble_Blast
bushwhack	Bushwhack	Headbash	Nut Grenade!	In a Nut Shell	Thorn Tail	Axe Avenger	An Axe to Grind	Combo Attacks	Go Nuts!	Armor Awesomeness	Bush's Shack	Primal Warrior	Spring Forward	Timber!		https://skylanders.fandom.com/wiki/Bushwhack
camo	Camo	Searing Sun Blast	Melon Fountain	Firecracker Food	Vigorous Vines	Vine Virtuoso	Martial Bounty	Peppers of Potency	Proliferation	Melon Master	Ring of Might	Melon GMO	Melon Fortress	Orbiting Sun Shield	Explosive Harvest	https://skylanders.fandom.com/wiki/Camo
chainreaction	Chain Reaction	Running With Chainsaws	Thunderslam	Improved Energy Hoarding	Overload	Lightning Chainsaw Combos	Charged Bolt	Improved Charged Bolt	Chainsaw Combo Finishers	Manic Inventor	Maximum Energy	Explosive Work	Lightning Nova	Lightning God / Saw and Conquer		https://skylanders.fandom.com/wiki/Chain_Reaction
chill	Chill	The Great Wall	Glacial Bash	Imperial Armor	Cold Front	Ice Lancer	Brrrr Blade	Shatterspear	Triple Javelins	Frozen Fury	Ice Breaker	On the Rocks	Better Bash	Call The Narwhal!	Orcastration!	https://skylanders.fandom.com/wiki/Chill
chompymage	Chompy Mage	Chompy Pile!	Staff Shot	A Corn!	What a Dashing Pile!	The Champ of Chomp	Bitey Chompies!	Giant Bitey Chompies!	Pile Launcher!	Master Puppeteer	Get Thee to a Shrubbery!	Here Lies a Chompy	Shrubsplode!	Chompies to Go Please	BoingZooka!	https://skylanders.fandom.com/wiki/Chompy_Mage
chopchop	Chop Chop	Spiked Shield Bash	Vampiric Aura	Shield Spartan	Bone Brambler	Vampiric Warrior	Arkeyan Combat Master	Arkeyan Vorpal Blade	Demon Blade of the Underworld	Undead Defender	Arkeyan Spectral Shield	Shield Stun Bash	Demon Shield of the Shadows	Cursed Bone Brambler	Shield Skewer / Dice and Slice!	https://skylanders.fandom.com/wiki/Chop_Chop
chopper	Chopper	Roar!	Rev'D Up Rockets	Homing Missiles	Better Blades	Roar Like Never Before	Call of the Wild	R.O.A.R. Missiles	King of the Jurassic Jungle	Blaster From the Past	The Bigger The Boom	Props to You	More Missile	Ultimate Dino Destruction		https://skylanders.fandom.com/wiki/Chopper
chopscotch	Chopscotch	Lose Your Head	Knock It Up	Sharpened Blade	Two Heads Are Better	Heavy Hitter	Jump Attract	Charge Up Axe	Headsplosion	Crazy Cutter	Axe Frenzy	Long Trails	Exploding Trails	Hopscotch	Skip-A-Head	https://skylanders.fandom.com/wiki/Chopscotch
cobracadabra	Cobra Cadabra	Keep The Beat!	Launch Cobra!	Basket Party	Pungi Power	Concerto Cobra	Reverb Riff	Ultimate Flute Rock	Snake Charmer's Solo	Master of Baskets	Basket Quintet	Call and Response	A Tisket, A Tasket	Big Basket Bomb		https://skylanders.fandom.com/wiki/Cobra_Cadabra
countdown	Countdown	Controlled Burst	Roaring Rockets	Explosive Friendship	Hefty Concussion	Bomb Buddies Forever	Boom Buddies	Bombing Blitzers	Lingering Sparks	Rocketeer	Triple Threat	Warhead Hands	Mega Mortar	Self-Destruct		https://skylanders.fandom.com/wiki/Countdown
crashbandicoot	Crash Bandicoot	Crate Going and Body Slam	Cyclone Spin Combo	Five to Life	Upperkick	Spin to Win	Aku Aku Dash	Suction Cyclone Spin	Go Yo-Yo Go Yo-Yo Go!	Crates a Plenty	Four Squares	Blasting Impression	Dynamight	Box O' Rockets	Oh No Yo-Yo Fo' Show!	https://skylanders.fandom.com/wiki/Crash_Bandicoot
crusher	Crusher	Ground Grinder	Rockslide	Super Crusher	Cavelight Blast	Rock Grinder	Crusher Combos	Hammer Daddy	Triple Ground Grinder	Rubble Master	Controlled Rockslide	Boulder Bombs	Bedrock Armor	Rockslidin' Out		https://skylanders.fandom.com/wiki/Crusher
cynder	Cynder	Cynder Flight	Black Lightning	Double Spooky!	Shadow Reach	Nether Wielder	Unstable Forces	Breath Control	Breath of Power	Shadowdancer	Death Bound	Ghost Haunter	Shadow Strike	Haunted Ally	Lightning Rain / Skull-Splosion!	https://skylanders.fandom.com/wiki/Cynder
dajavu	DÃ©jÃ  Vu	Time Shift	Long-Term Memory	Time Rifts Aplenty	Circular Logic	Remember to Live	Explosion DÃ©jÃ  Vu	Time Heals All Wounds	Space-Time Duality	Live to Remember	Warp Field	Past Self Paralysis	Go Out With a Bang	Black Hole Beldom		https://skylanders.fandom.com/wiki/DÃ©jÃ _Vu
darkspyro	Dark Spyro	Long Range Raze	Spyro's Flight	Sprint Charge	Triple Flameballs	Sheep Burner Spyro	Fire Shield	Exploding Fireblast	The Daybringer Flame	Blitz Spyro	Stun Charge	Comet Dash	Ibex's Wrath Charge	Spyro's Earth Pound	Head Start!	https://skylanders.fandom.com/wiki/Dark_Spyro
deepdivegillgrunt	Deep Dive Gill Grunt	Typhoon Turbine Jetpack	Trident True	Wild Whirlpool	Trident Unleashed	Torrent Tamer	Wave Jumper	Tubular Tidal Wave	Drive the Wave	Storm Summoner	Lightning Strikes	Shocking Transition	Lightning Build-Up	Storm of the Seas		https://skylanders.fandom.com/wiki/Deep_Dive_Gill_Grunt
dinorang	Dino-Rang	Basalt Boomerangs	Boomerang Finesse	Stonefist Traps	Dervish Shield	Grand Boomerang Master	Volcanic Glass Boomerangs	Dancing Boomerangs	It's All In The Wrist	Earthen Avenger	Quad Stonefist Trap	Obsidian Armor	Fist Trap Funeral	Sticky Boomerangs		https://skylanders.fandom.com/wiki/Dino-Rang
diveclops	Dive-Clops	Put the Eye in Geyser	Echo Enhancers	Power of the Pupil	Ping	Tidal Torpedoes	Torpeslow	Mark II Waterpedo	Neato Waterpedo	Dousing Dowser	Sonar Smarts	Counter Measures	Hatch Off to You	Depth of Field		https://skylanders.fandom.com/wiki/Dive-Clops
doubledaretriggerhappy	Double Dare Trigger Happy	Breaking Cannon	Hoop N' Holler	Just Warming Up	Can On and On	Spontaneous Performer	Hot Feet Hoop	Acrobatic	Fire And Forget	Made for the Spotlight	Cannon Crash	Pay Day!	Making It Rain!	He's Safe!		https://skylanders.fandom.com/wiki/Double_Dare_Trigger_Happy
doubletrouble	Double Trouble	Arcane Eldritch Beam	Conjure Unstable Double	Summon Magic Bomb	Advanced Construct Techniques	Channeler	Extended Eldritch Beam	Magical Cataclysm	Magic Armageddon	Conjuror	Imbue Construct	Rocket Powered Doubles	Spirit Construct	Waterwalker	Triple Trouble!	https://skylanders.fandom.com/wiki/Double_Trouble
drillsergeant	Drill Sergeant	A Speedy Recovery	Dozer Endurance	Power Charge	Auto-Blaster	Drill Rocket	A View to Drill	DX300-Drill Detonator	MIRV Drill Rockets	Megadozer	Speed Dozer Boost	Hail Storm	Mega Dozer	Arkeyan Armor	Futurecannon	https://skylanders.fandom.com/wiki/Drill_Sergeant
drkrankcase	Dr. Krankcase	Hat Bots	Splats All Folks	All Spun Up	Hat-tacular	For the Greater Goo'd	Caustic Effect	Goo'ing Big	Goo'd Weather	Builder of Bots	Hat Bot Havoc	Goo Bots	Goo Wouldn't Believe It!	Shot Goo the Heart	Goo Goo G'shoot (Sky-Chi)	https://skylanders.fandom.com/wiki/Dr._Krankcase
drneocortex	Dr. Neo Cortex	What's Mine is Yours	Hoverboard	Multi-Mine	Mask Horray-Aid	Gadgets Galore	N. Tropy's Slow Mo Flow	Insane Bolt	Blaster Fracture	Wonderful Wizardry	Boo Uka Boo Uka!	Mask in the Mirror	You Do That Voodoo	Wanted: Dead or Up High	Rehabilita-Laser	https://skylanders.fandom.com/wiki/Dr._Neo_Cortex
drobot	Drobot	Thruster Flight	Galvanized Bladegears	Axon Focus Crystals	Hover Mode	Master Blaster	Dendrite Focus Crystals	Antimatter Charges	Quadratic Blasters	Clockwork Dragon	Depleted Uranium Bladegears	Explosive Bladegears	Tri-Spread Bladegears	Afterburners	Supreme Bladegear	https://skylanders.fandom.com/wiki/Drobot
dunebug	Dune Bug	Dune Parade	Debilitating Dunes	Bursting Magic	Buzzing Beetle	Scarab Sage Path	Stunning Spread	Scarab Power	Magic Scarab Ride	Dune Mage Path	Dune Bomb	Hardened Shell	Sparking Wings	Buggy Buddy		https://skylanders.fandom.com/wiki/Dune_Bug
echo	Echo	Sonic Slam	Pitch Control	4-Beat	Subsonic	Bubble Up!	Bubble Shield	Power Pop	Burst My Bubble	Singalong	Ultimate Pitch Control	Scream Out	Ultrasound	Call of the Siren		https://skylanders.fandom.com/wiki/Echo
ember	Ember	Immolation	Lava Impact	Supernova	Ultra Supernova	Samurai Combo Path	Inner Fire	Fire Dash	Samurai Combo Finisher	Living Bomb Path	greater Living Bomb	Purifying Flame	Meteor Shower	Undying Rage	Supernova Storm	https://skylanders.fandom.com/wiki/Ember
enigma	Enigma	Paradox Pound	Magic Mist	Cloak and Dagger	Paradox Power	Chief of Staff	Eye Slam Combo	Cloak Dash Combo	It's Raining Eyes?	Invisible Invader	Ninja Style	Mindboggling	Give Up The Ghost	An Eye For Several Eyes		https://skylanders.fandom.com/wiki/Enigma
eruptor	Eruptor	Big Blob Lava Throw	Fiery Remains	Eruption-Flying Tephra	Magma Ball	Magmantor	Heavy Duty Plasma	Lava Blob Bomb	Beasts of Conflagration	Volcanor	Quick Eruption	Pyroxysmal Super Eruption	Revenge of Prometheus	Mega Magma Balls	Lava Barf / Lava Barf 2: Barf Harder	https://skylanders.fandom.com/wiki/Eruptor
eyebrawl	Eye-Brawl	An Eye In Team	Awesome Occu-Blast	The Pummeler	Headless, Not Helpless	Eye Brawler	Eye-Brawl Combos	Ultimate Pummeler	Beats An Eye Patch	Eye For An Eye	Asserting Independence	Eye-Crawlers	Bouncy Bouncy!	You'll Shoot Your Eye Out		https://skylanders.fandom.com/wiki/Eye-Brawl
fiesta	Fiesta	Laid Low	Macho Amigos	Solo	Encore	What Amigos are for.	Take It Away Amigos!	Mucho Amigos	Soul Jam	Super Star!	Diva	Shot to the Hearth	Big Finish	Family Fiesta		https://skylanders.fandom.com/wiki/Fiesta
fistbump	Fist Bump	Seismic Slide	Panquake	Hold the Line	Don't Bump Fist Bump	Rowdy Richter	Fault Line in Glass Houses	Quake 'N' Bake	A Bolder Boulder	Bamboo Bonanza	Healing Bamboo	Bamboo Harvest	Jump For It!	Riding the Rails		https://skylanders.fandom.com/wiki/Fist_Bump
flameslinger	Flameslinger	Searing Arrow	Column of Fire	Volley Shot	Hyper Shot	Marksman	Hellfire Arrows	Explosive Arrows	Triple Shot Arrows	Pyromancer	Napalm Tipped Arrows	Inferno Blast	Supernova	Super Volley Shot	Speed Demon	https://skylanders.fandom.com/wiki/Flameslinger
flarewolf	Flare Wolf	Loop De Loop	Secret Weapon	Trip to the Moon	Firecrackers!	The Greatest Show in Skylands!	Roman Candle	Sparklers	Flame and Shine	Fun With Flames	Pyrotechnist	Ringmaster	Flame Spinner	Flare in the Hole!	Quadruple the Power!	https://skylanders.fandom.com/wiki/Flare_Wolf
flashwing	Flashwing	Surrounded By Shards	Luminous Lasers	Light Speed Lasers	Armored Aura	Super Shards	Shooting Shards	Crystal Craziness	Healing Crystals	Super Spinner	Extra Radiant Rotation	Reflection Deflection	Light, Crystal, Action!	Crystal Lighthouse		https://skylanders.fandom.com/wiki/Flashwing
flingkong	Fling Kong	Spiked!	Cymbal Crash	Mad Dash	The Kong Klang	Disc Jockey	Trick Shot	Smash Hit	A Toss-Up	Carpet Captain	Smash 'N' Dash	Double Whammy	Shock Treatment	Make It Rain!		https://skylanders.fandom.com/wiki/Fling_Kong
flipwreck	Flip Wreck	Wheel Shield Bash	Splash Damage	Super Sea Saw	Shield Mode	Fish Commander	Fish?!?	Homing Fish	Endless Fish	Sword Specialist	Sword Swells	Sea Saw Combos	Blowhole Blaster	Sea Slammer		https://skylanders.fandom.com/wiki/Flip_Wreck
frightrider	Fright Rider	Ghoul Glaive	Burrow Bomber	Phantasm Strike	Halberd of Horror	Sir Lance A Lot	Fright Rider Combos	Flock of Fury	Supreme Spear	Joust Jockey	Joust Juice	Entombment Strike	360 Degrees of Spear	A Real Drag		https://skylanders.fandom.com/wiki/Fright_Rider
fryno	Fryno	The Horn And The Hog	Built Tough	Fired Up!	Molten Fury	Brawler	Hot Hands	Spiked Up	Temperature Tantrum	Fryno's Hot Shop	Born To Ride	Hot Rod	Crash And Burn	Madness Maxed	Burning Rubber	https://skylanders.fandom.com/wiki/Fryno
funnybone	Funny Bone	Bone Paws	Disc Demon	Ferocious Fetch	Bump Up the Blades	Tail Wagger	Supercharged Saw	Bone Paw Power	Head Case	Bone Zoner	Flying Bone Doom	Ultimate FBD	Play Catch	Healing Paws		https://skylanders.fandom.com/wiki/Funny_Bone
gearshift	Gearshift	Gear Grind	Gear Saw	Many Mini-Gears	Mini-Gear Distribution	Dual Mode Duelist	Spare Parts	Keep 'Em Spinning	Geared Up	Fragment Mode Freak	Enhanced Fragmentation	Kick It into High Gear	Hardware Overload	Swing Shift		https://skylanders.fandom.com/wiki/Gearshift
ghostroaster	Ghost Roaster	Pain Chain	Metalhead	Ectoplasm Mode	Haunt	Fear Eater	Phase Shift Burst	Ecto-Friendly	Nightmare Touch	Skull Master	Fright Bite	Unfinished Business	Life Transfer	Lingering Curse		https://skylanders.fandom.com/wiki/Ghost_Roaster
gillgrunt	Gill Grunt	Barbed Harpoons	High Pressure Power Hose	Harpoon Repeater	Water Jetpack	Harpooner	Quadent Harpoons	Piercing Harpoons	Tripleshot Harpoon	Water Weaver	Reserve Water Tank	Boiling Water Hose	Neptune Gun	Anchor Cannon	Anchor's Away / Anchor Management! / Ride the Leviathan!	https://skylanders.fandom.com/wiki/Gill_Grunt
goldenqueen	Golden Queen	Blinded By Gold	Royal Guard	Golden Opportunity	18 to 24 Karats	Ancient History	Colossal Scarab	Worth Its Weight	Gold Rush	In My Defense	Extra Guard	Shields of Gold	Compound Interest	Royal Treatment	Scarab Swarm	https://skylanders.fandom.com/wiki/Golden_Queen
graveclobber	Grave Clobber	Big Splash	Luchador Lariat	Precision Slamming	Waves in the Pool	Heavyweight Champion	Tsunami Punch	Monsoon Boom	Lucha Libre	Wave Maker	Geyser Undertow	The Greater Gator	Wave Goodbye	Poseidon Lariat	Wave Clobber	https://skylanders.fandom.com/wiki/Grave_Clobber_(character)
grimcreeper	Grim Creeper	Poltergeist Scythe	Spirit Scythe	Spook and Destroy	Armored Amore	Grim Scythe Style	Sphere of Fear	Grave Danger	Ghastly Damage	Spooky Specter	It's Alive!	Haunted Help	Soul Sampler	Help From Beyond		https://skylanders.fandom.com/wiki/Grim_Creeper
gusto	Gusto	The Breath of Life	Twistin' in the Wind	Electro-Rang	Lots of Lungpower	Air Ace	BOOM-erang	Rang Me Like a Hurricane	Boomerang Buddies	Dizzy Destroyer	Spin Like the Wind	Shocking Twists	Lightning Ball	Boomerangs 4 Breakfast		https://skylanders.fandom.com/wiki/Gusto
hammerslambowser	Hammer Slam Bowser	Molten Bowser	Shell Smash	Red Koopa	Royal Authority	Koopa Commander	Warp Pipe	Koopa Paratroopa	Super Koopa Spin	Molten Monstrosity	Molten Hammer	Bowser Bomb	Infinite Fire	Molten Bones		https://skylanders.fandom.com/wiki/Hammer_Slam_Bowser
headrush	Head Rush	Mega Stomp	Yodel	Stomping On Air	Charge Control	Lungs of Steel	High Note	Modulate Yodel	Forget Breaking Glass	Stomp Harder	A Stomp To Remember	Power Steering	Omega Stomp	Horns Aplenty		https://skylanders.fandom.com/wiki/Head_Rush
hex	Hex	Wall of Bones	Storm of Skulls	Bone Fortress	Twice the Orbage	Shade Master	Long Distance Orbs	Caustic Phantom Orbs	Unstable Phantom Orbs	Bone Crafter	Compound Fracture	Master Caster	Troll Skulls	Skull Shield / Skull Buddy	Skull Buddy	https://skylanders.fandom.com/wiki/Hex
highfive	High Five	Poison Cloud	Fly Slam	Buzz Charge	Buzzerker Overdrive	Pollen Prince	Cloud Control	Buzz 'Em Up	Power Clouds	Speedy Slammer	Spin Cycle	Buzz Buzz Buzz	Slam Apples	Organic Slam Apples		https://skylanders.fandom.com/wiki/High_Five
highvolt	High Volt	Traveling Light	Quick Currents	Insulated Iron	Amped Lamp	Light Fighter	Bring Into Light	Stun Shocked	Black Out	Light in Shining Armor	Bright Idea	Everything is Relative	Unbreakable	Re-Fused		https://skylanders.fandom.com/wiki/High_Volt
hoodsickle	Hood Sickle	Gravity Well	Extended Dislocation	Dark Combo	Detonate Gravity Wells	Sick Sickles and Darker Dislocations	More Remnants	Even More Remnants	Dark Stinger	That's a Swell Gravity Well	Longer and Stronger	Warp Pulse	Explosive Dash	Scythenado!	Scythe Scycle	https://skylanders.fandom.com/wiki/Hood_Sickle_(character)
hotdog	Hot Dog	Pyro Piercers	Comet Slam	Wall of MORE Fire	Super Comet	Burning Bow-Wow	Hot Dog Combos	Bark Bombs	Pyro Pinwheel	Pyro Pooch	Blazing Wildfire	Great Walls of Fire	Magmutt Battalion	Ding Dong Ditch	Bees! Bees! Bees!	https://skylanders.fandom.com/wiki/Hot_Dog
hothead	Hot Head	Premium Grade	Sizzle Shower	Turn Up The Heat!	Extended Forecast	The Burninator	Eternal Flame	Hot Oil Treatment	Fossil Fuel	Oil Baron	Fire Storm	Oil And Fire	Hot With A Chance of Meteors	Hot Rod		https://skylanders.fandom.com/wiki/Hot_Head
hurricanejetvac	Hurricane Jet-Vac	Somer-Assault	Better Blade Bounces	Hurricane Hurrah	Make Them Sore	Blade-Vac	Category Pain	Hurricano	Splitting Air	Hurricane Hawk	Turbulent Turbine	Talon Take Off	Double Flip	Having a Blast!		https://skylanders.fandom.com/wiki/Hurricane_Jet-Vac
ignitor	Ignitor	Scorching Blade	Flame Form	Mega Slam	Fire and Brimstone	Soul of the Flame	Dances with Fire	Incinerate	Fire Form Salvo	Blademaster	Order of the Burning Blade	Double Mega Slam	Inferno Blade	Fire Forged Armor	Blue Flame	https://skylanders.fandom.com/wiki/Ignitor
jawbreaker	Jawbreaker	Ragin' Robo Rage	Spark Shock	Alternating Current	Heavy Hands	High Voltage	Static Cling	Hands Off!	Sparking Interest	Out-RAGE-ous	Jolting Jab	Defense Firmware Update	Punch For Power	Hypercharged Haymaker		https://skylanders.fandom.com/wiki/Jawbreaker_(character)
jetvac	Jet-Vac	Fiester Fan	Jet-Vac Jet Pack	Vac Blaster 9000	Turbine Suction Fan	Bird Blaster	Piercing Winds	Vac Master-Blaster 20X	Super Suction Air Blaster	Vac-Packeteer	Tank Reserves	The Mulcher	Flying Corkscrew	Eagle-Air Battle Gear	Shoot the Breeze! / Double Barrel	https://skylanders.fandom.com/wiki/Jet-Vac
kaboom	Ka-Boom	Jumpquake	Mortar Strike	The Long Ranger	Cannon Charge	Cannonball Runner	Bouncing Balls	Super Bouncing Balls	Triple Shot	Jumping Juggernaut	Fire Fly	Big Air	Triple Jump	Missile Rain		https://skylanders.fandom.com/wiki/Ka-Boom
kaos	Kaos	Portal Practitioner	Doom Sharks	Portal Party	Doom Hands	Spell Slinger	Doom Hands	Mega Doom Sharks	Split Thinking	Up Close and Personal	I Think Therefore You Are	Brain Drain	Think Big	Doom Portal	Fear My Giant Floating Head	https://skylanders.fandom.com/wiki/Kaos_(Sensei)
kingpen	King Pen	Penguin Drill	Giga Drill	Ice Charge Lvl 1: Ice Arena	Frostier Breath	Penguin Combos	Penguin Combos	Ice Blade	Emperor Penguin	Ice Mastery	Ice Trail	Ice Charge Lvl 2: Blizzard	Ice Charge Lvl 3: Iceberg	Snowball	Ice to Meet You and You	https://skylanders.fandom.com/wiki/King_Pen
knightlight	Knight Light	Hallowed Ground	Light Up	Lasting Light	Scharper Scimitar	Scimitar Slasher	Ascending Strike	Speed of Light	Spinning Slash	Luminary of Light	Radiant Radius	Illumination Detonation	Flash Dash	Brilliant Blade		https://skylanders.fandom.com/wiki/Knight_Light
knightmare	Knight Mare	Gifts Keeps On Giving	Charged Up Charge	Battle Horn	Shadowy Clones	Shadow Summoner	More Clones	It's Win-Win	Shadowy Sacrifice	Flamberge Aficionado	Shadow Stab	Flamberge Fragment	Sword of Darkness	The Shadow Realm		https://skylanders.fandom.com/wiki/Knight_Mare
kryptking	Krypt King	Haunted Sword	Spectral Slowdown	The Broader the Broadsword	Super Swarm	Lord of the Sword	Enchanted Armor	The Rich Get Richer	Combo Attacks	Swarm Summoner	Stunning Sting	Stir up the Swarm	Parasitic Power	Storm Swords		https://skylanders.fandom.com/wiki/Krypt_King
lavalanceeruptor	Lava Lance Eruptor	Hot Spot	Lava Joust	Lance Advanced	Lance Cannon	Eruption Ruffian	Hot Feat	Volcanic Rain	Third Volcano's The Charm	Volcano Vaulter	Volatile Volcanoes	Eruption Conduction	Cannon Stop Me Now	Magma Chamber		https://skylanders.fandom.com/wiki/Lava_Lance_Eruptor
lightningrod	Lightning Rod	Lightning Lancer	Thunderation	Zapper Field	Lightning Harpoon	Lightning Lord	Faster Caster	Electricity City	Lightning Avatar	Typhoon Titan	Cloud Zapper Satellite	Zappier Sats	Zapper Satellite Defense	Zapper Field Deluxe	Big Bolt	https://skylanders.fandom.com/wiki/Lightning_Rod
lobstar	Lob-Star	Lob-Star Roll	Sharp Shot	Boiling Over	Lob-Star Express	Shooting Star	Super Stars	Twice the Star Power	Star Defense	The Boiler	Getting Steamed	Self E-Steam	Full Steamed Ahead	Hard Boiled		https://skylanders.fandom.com/wiki/Lob-Star
mysticat	Mysticat	Help Meow-t	Disappurring Act	Cat's Familiar	Pawsome Painter	Paw-erful Painter	Cat-astrophic Chasers	Patience is a Fur-tue	Fur-st Degree Purr-ns	Meow You See Me...	The Feline's Mutual	Keep Your Fur-ends Close	Not Kitten Around	Konnichi-paw!	Domo Arigato Hisster Rift-boto	https://skylanders.fandom.com/wiki/Mysticat
nightfall	Nightfall	Whip Lash	Split Hook Ends	Hair Today, Gone Now	Scape-Goat	Master Angler	Splitting Hairs	Comb-O	Playing Hooky	Dread Head	Ambrush Rush	Up-Sweep	Vast Volume	Bad Hair Day		https://skylanders.fandom.com/wiki/Nightfall
ninjini	Ninjini	Surrealistic Spheres	Abra-Ca-STAB-Bra	Juggling Act	Bottle Rockets	Swords of Might	Wishblade Combos	Wishbladesplosion	Ultimate Wishblade	Ancient Djinn Magic	Super Surrealistic Spheres	Ultimate Bottle Rockets	Buy a Better Bottle	Dazzling Enchantment		https://skylanders.fandom.com/wiki/Ninjini
painyatta	Pain-Yatta	Break It Down!	PiÃ±ata Summon	PiÃ±ata Posse	You Are What You Eat	Sweet and Smashy!	Sour Sucker	Sugar Rush	Party Mode!	Life of the Party!	Rock Candy!	After Party!	Candy Laser	Everybody Dance Now	Party of One	https://skylanders.fandom.com/wiki/Pain-Yatta_(character)
pitboss	Pit Boss	Viper Pits	Besst for Lasst	Pit Master	Slither Away	Snake Charmer	Superior Slithering	The More the Snake-ier	Shedding	Pit Prowess	Restless Reptiles	Viper Pit Pounce	Really Restless Reptiles	The Undersnaker	Viper Volley	https://skylanders.fandom.com/wiki/Pit_Boss
popfizz	Pop Fizz	New Concoctions	Puddle of Pain	Raging Beast	Dexterous Delivery	Best of the Beast!	More Beast!	Berserker Boost	Mutant Beast	Mad Scientist	Master Chemist	Mixologist	All in	Shake It!	Beaker Buddy / Oversize ME!	https://skylanders.fandom.com/wiki/Pop_Fizz
popthorn	Pop Thorn	Fresh Breath	Puffball Pound	Polished Spikes	Wind Trap	Tough and Puffed	Rollerpuff	Bounceback	Prickly Body	Controlled Breather	Aero Trampoline	Deep Breath	Scattered Winds	To Puff or Not to Puff		https://skylanders.fandom.com/wiki/Pop_Thorn
prismbreak	Prism Break	Super Crystal Shard	Crystal Eruption	Emerald Energy Beam	Chained Refractions	Crystaleer	Massive Crystal Eruption	Triple Crystal Shard	Crystalline Armor	Prismancer	Golden Diamond Energy Beam	Triple Refracted Beam	Focused Energy	Shard Soul Prison	Pulse Power / Crystal Comrade	https://skylanders.fandom.com/wiki/Prism_Break
punkshock	Punk Shock	Spark Splash	High Boltage	OHMG	Hypercharged	Conductor Constructor	H2Throw	Troubled Waters	Bolting Blob	Eelectrocutey	Positively Charged	It Hertz	Re-Volting Shock	Eelectrocute		https://skylanders.fandom.com/wiki/Punk_Shock
riptide	Rip Tide	Whale On 'Em	Bigger Fish to Fly	Fresh Fish	Blistering Blubber	Fishy Fencer	Nipping Needle Nose	Practiced Parry	Straight As An Angler	Flounder Pounder	Shark Surprise	Time to Hammer	Shark Bite Bait	Reinventing the Whale		https://skylanders.fandom.com/wiki/Rip_Tide
robow	Ro-Bow	Reinforced Arrows	Deconstruction Laser	Whirling Destruct-O-Matic V2	Havoc Orb	Archery Mastery	Charged Shot	Improved Archery	Archer Combos	Tech Mastery	Enhanced Deconstruction Laser	Whirling Destruct-O-Matic V3	Mechanical Obelisk	Ro-Bow Rampage	Ctrl-Alt-Defeat	https://skylanders.fandom.com/wiki/Ro-Bow
rockyroll	Rocky Roll	Boulder Barrier	Rock On	Bouncy Attack Mode	MOH Boulders	Geological Grandmaster	Super Spit Ball	Rock Hardest	Triple Spit Balls	Rolling Rumbler	Let's Roll!	Roll With The Punches	Rocky Boxing	Boulder Posse		https://skylanders.fandom.com/wiki/Rocky_Roll
rollerbrawl	Roller Brawl	Skateblades	Impact Skater	Deadly Clothesline	Aggression	Shadow Skater	Pirouette	Hardened Helm	Bullrush	Skateblade Siren	Skateblade Trap	Critical Claws	Spinning Saws	Cursed Helmet		https://skylanders.fandom.com/wiki/Roller_Brawl
scorp	Scorp	Shoulder Roll	Chrome Carapace	Crystal Ball	Earthly Power	Stinger	Fuming Fissure	Scorpion Strike	Potent Poisons	Crystal Venomancer	Cracked Crystal	Crystal Shards	Venomous Crystals	Avalanche Dash		https://skylanders.fandom.com/wiki/Scorp
scratch	Scratch	Wing Spark	Silver Claws	Whirlwing	Silver Mask	Ruby	Sharpened Rubies	Ruby Rage	Ruby Mask	Sapphire	Speedy Sapphire	Sapphire Slash	Sapphire Mask	Gem Affinity		https://skylanders.fandom.com/wiki/Scratch
sharkshooterterrafin	Shark Shooter Terrafin	Slam Support	Seek or Swim	Surface to Air to Surface Missiles	Seconds, Please	Shark Team Squadron	Three Best Fins	What Goes Up...	Land Shark	All Terrain Trooper	Mentor Program	Finesse	Mega Boomflop	Sand Snare		https://skylanders.fandom.com/wiki/Shark_Shooter_Terrafin
shortcut	Short Cut	Cutting Frenzy	Nether Needle	No Strings Attached	Cut Through Worlds	Scary Seamster	Treacherous Tangle	Super Snips	Threadsplosion	Puppet Master	Go Out with A Bang	Puppet Population	Paging Dr. Puppets	Scissor Stilts		https://skylanders.fandom.com/wiki/Short_Cut
shroomboom	Shroomboom	Launch Paratroopers	Super Shrooms	Bigger Boomshrooms	Bouncing Boomshrooms	Barrier Boost	Spore Power	Ultimate Ring	Back to the Beginning	Paramushroom Promotion	Lock 'N' Load	Fungal Infestation	Paratrooper Invasion	Self-Slingshot	High Spore	https://skylanders.fandom.com/wiki/Shroomboom
slambam	Slam Bam	Three's A Charm	Arctic Explosion	Yeti Ice Shoe Slide	Ice Knuckles	Blizzard Brawler	Brawler Combos	Ice Mace	Blizzard Battle Armor	Glacier Hit	Deep Chill Ice Coffin	Glacier Tactics	Work of Ice Art	Yeti-Cooling Factor	Sleigh Me	https://skylanders.fandom.com/wiki/Slam_Bam
slobbertooth	Slobber Tooth	Unstoppable Force	Tough Hide	Shockwave	Loogey	Food Fighter	Snot Rocket	Om Nom Nom	Feast	Seismic Tail	Fling	Weight Gain	Earth Shaker	Iron Jaw		https://skylanders.fandom.com/wiki/Slobber_Tooth
smashhit	Smash Hit	Connect and Disconnect	Junkyard Dog	Spikey Spinner	Junker	Bolder Boulder	Heap	Better Together	Catch!	Chain Champ	G'Day	Cut Loose	Earth Currents	Down, Under		https://skylanders.fandom.com/wiki/Smash_Hit
smolderdash	Smolderdash	Eclipse	Solar Powered	Sunrise	Whip It!	Sun Forger	Super Giant	Solar Flare	Sun Splitter	Sun Forged	Solar Blast	Sunny Armor	Sun's Core	Smolder Dash		https://skylanders.fandom.com/wiki/Smolderdash
snapshot	Snap Shot	Sure Shot Croc	Torrential Tidepool	Super Slam	Amazing Arrow	Crackshot Croc	Arrowsplosion	Traptanium Flechette	Hydro Arrow	Tide Turner	Big Wave Torrent	Water Trap	What's Kraken?	A Shard Act to Follow		https://skylanders.fandom.com/wiki/Snap_Shot
sonicboom	Sonic Boom	Loudmouth	Let There Be Flight	Ride of the Valkyries	Three's A Crowd	Medea Griffin	Sunny Side Up	Sibling Rivalry	Terrible Twos	Siren Griffin	Echolocation	Egg Shocker	More Boom!	Resonant Frequency	Super Baby	https://skylanders.fandom.com/wiki/Sonic_Boom
spitfire	Spitfire	Flamenado	Flamenado Chasers	Flame Fury	Intensified Fury	Speed Demon	Mega Marathon	Nitro Boost	Triathlete	Fusion	Flamenado 2	Fuel Injected Claws	Volcanic Armor	The Flamenadoing		https://skylanders.fandom.com/wiki/Spitfire
splat	Splat	Have An Inkling	Dye Hard	Broad Strokes	Scape-Goat	Prolific Painter	Wet Paint	Canvas the Area	Shades of Pain	Abstract Designer	Running Colors	Stroke of Genius	Graffiti Gruff	Bringing the Stain		https://skylanders.fandom.com/wiki/Splat
spotlight	Spotlight	Bright Eyes	Heavenly Aura	The Halo Effect	Hello Halos	Visionary	Aura Charge	Light It Up	Bling	The Ringer	Heavy Halo	Ring Shot	Uplifting Experience	Light Dragons		https://skylanders.fandom.com/wiki/Spotlight
sprocket	Sprocket	Auto Turret V2	Bouncing Betty Mines	2 Times The Turrets	Tanks A Lot!	Operator	Sprocket Combos	Monkey Wrench	All Mines	Gearhead	Mine Drop!	Exploding Shells	Self Destruct System	Landmine Golf	Tanks for the New Toy	https://skylanders.fandom.com/wiki/Sprocket
spyro	Spyro	Long Range Raze	Spyro's Flight	Sprint Charge	Triple Flameballs	Sheep Burner Spyro	Fire Shield	Exploding Fireblast	The Daybringer Flame	Blitz Spyro	Stun Charge	Comet Dash	Ibex's Wrath Charge	Spyro's Earth Pound	Fireslam! / Head Start!	https://skylanders.fandom.com/wiki/Spyro
starcast	Starcast	Shadow Form Decoy	Extra Dimensional Shurikens	Dense Dimensional Shuriken	Get Over Here!	Megastart Me Up	Star Stomp	Star Leap	Star Shards	Enhance the Decoy	Star of the Show	Dark N' Powerful	Sharp and to the Point	Flying Starcer	A Real Kick in the Shurikens	https://skylanders.fandom.com/wiki/Starcast
starstrike	Star Strike	Starfall	Star-Filled Sky	Your Biggest Fan	Star Power	Star Gazer	Star Light	Star Struck	Star Bright	Cosmic Reflector	Atom Splitter	Star Evasion	Super Star	Shooting Stars		https://skylanders.fandom.com/wiki/Star_Strike
stealthelf	Stealth Elf	Straw Pook Scarecrow	Dragonfang Dagger	Sturdy Scarecrow	Arboreal Acrobatics	Pook Blade Saint	Elf Jitsu	Elven Sunblade	Shadowsbane Blade Dance	Forest Ninja	Scare-crio Trio	Scarecrow Booby Trap	Scarecrow Spin Slicer	Sylvan Regeneration	Knife Blender / Surprise, Tiger!	https://skylanders.fandom.com/wiki/Stealth_Elf
stormblade	Stormblade	Cyclone Surge	Storm Dive	Fan of Feathers	Feather Barrage	Wind Warrior	Wind Wall	Sharpened Winds	Down Draft	Blade Dancer	Fist Full of Feathers	Storm Sais	Feather the Storm	Feather Weather		https://skylanders.fandom.com/wiki/Stormblade
stumpsmash	Stump Smash	Petrified Pummel	Spiny Acorns	Meganut	Thornbark	Smash 'N' Bash	Stump Crusher Combos	Acorn Croquet	Smash Meganut	Nut Crafter	Pollen Plume	Meganut Propagation	Double Nut	Waterlogged	Auto-Nuts	https://skylanders.fandom.com/wiki/Stump_Smash
sunburn	Sunburn	Guided Teleportation	Blazethrower	Phoenix Dash	Immolation Inflammation	Blaze Dragon	Infinite Flame	Intense Heat	Phoenix Grand Blaze	Flame Lord	Immolation Destruction	Flame Streaks	Burning Trail	Flight of the Phoenix		https://skylanders.fandom.com/wiki/Sunburn
supershotstealthelf	Super Shot Stealth Elf	Circle Slash	Needle-pointed Daggers	To My Little Friend	Speed of the Spin	Heavy Gunner	Smog Slash	All Wound Up	Splinter Shells	Stealth Saboteur	Distraction Destruction	Acquisition Intelligence Mode	Spin to Win!	Health Elf		https://skylanders.fandom.com/wiki/Super_Shot_Stealth_Elf
swarm	Swarm	Sharpened Barbs	Wingin' It	Swarm Form	Stinger Shot	Barberous Avenger	Razor Wings	Better Barb Blast	Ultimate Barbs	Wasp Stormer	Swarm Storm	Insectsplosion	Bee Cleaver	Bee is for the Butt Stinger		https://skylanders.fandom.com/wiki/Swarm
taekwoncrow	Tae Kwon Crow	Ricochet Shot	Buzzer Beak	Ignite Shurikens	Fire Beak	Shuriken Slinger	Triple Shurikens	Shuriken Flurry	Ground Saws	Crow-mmando	Triple Kicks	Buzzer Battalion	Fury Beak	Big Momma	Final Fire Flurry	https://skylanders.fandom.com/wiki/Tae_Kwon_Crow_(character)
terrafin	Terrafin	Brass Knuckles	Mega Bellyflop	Feeding Frenzy	Multi Target Punches	Sandhog	Master Earth Swimmer	Homing Frenzy	Razorfin	Brawler	Pugilist	Spiked Knuckles	Frenzy Shield	Surface Feeder	Dive Burrow / Have You Met My Kids?	https://skylanders.fandom.com/wiki/Terrafin
thrillipede	Thrillipede	Cocooned	Bug N' Cover	Mind Your Beeswax	Cocooties	Mighty-morphosis	Better Fly	Bugging Out	Tick It To 'Em	Insistent Insect	Gnawing Gnats	Nesting Gnats	Insect Epidemic	Beautiflies		https://skylanders.fandom.com/wiki/Thrillipede
thumpback	Thumpback	A Whale Of A Chomp	Slippery Belly	The Whalest Chomp	Now There's An Anchor!	Anchor's A-Yay!!	Thumpback Combos	Bermuda Triangle	Ultimate Anchor	Up Close And Personal	Breakfast in Bed	Armor Of The Sea	Bad Sushi	Blowhard		https://skylanders.fandom.com/wiki/Thumpback
thunderbolt	Thunderbolt	Lightning Clouds	Hurricane Pain	More Thunder	Hurricane Pain Remains	Power Conductor	Direct Current	Thunder Thrust	Just Add Lightning	I of the Storm	Stormier and Stormier	Charge It Up!	Exploding Clouds	Lightning Rain		https://skylanders.fandom.com/wiki/Thunderbolt
tidepool	Tidepool	Whale Tale	Spin Shot	Blinding Ink	Whale Breach	Aqua Marine Raider	I'll ink to that	Inking Big	Squid Pistol Kata	Sea-cret Forces	Squid Squabble	Three's a pod!	Deep end	Emergency Shell-met Defense	Water you waiting for?	https://skylanders.fandom.com/wiki/Tidepool
torch	Torch	Heating Up	Flaming Hair Whip	Pyro Pendant	Blue Flame	Forged in Flames	Scorched Earth Policy	Hair's Getting Long	Double Barrel Bellows	Maid of Metal	Extra Hot Shoes	Fireworks Display	Hopping Mad Horseshoes	The Incinerator		https://skylanders.fandom.com/wiki/Torch
trailblazer	Trail Blazer	Burning The Heat	Stampede!	Bucking Bronco	Fuel the Fire	Equine Excellence	Flaming Forms	Firewalker	Triple Fireballs	Fireballer	Kick It Up A Notch	Bouncing Fireballs	Not His 1st Rodeo	Heat Wave		https://skylanders.fandom.com/wiki/Trail_Blazer
treadhead	Tread Head	Pedal to the Metal	Spin Out	Tread Heavily	Kick Up Some Dust	Drag Racer	Spike a Wheelie	Go Out With a Bang	Burning Rubber	Pavement Peeler	Eat My Dust	Spray It, Don't Say It	Fire Spin	Rocket Boost		https://skylanders.fandom.com/wiki/Tread_Head
treerex	Tree Rex	Big Thorn Shockwave Slam	Photosynthesis Cannon	Super Stampede	Treefolk Tripleshot	Treefolk Charger	Titanic Elbow Drop	Lightfooted	Ultimate Stampede	Lumbering Laserer	Super-Charged Vaporizer	Sun Skewer	The Pod Maker	Woodpecker Pal		https://skylanders.fandom.com/wiki/Tree_Rex
triggerhappy	Trigger Happy	Golden Super Charge	Pot O' Gold	Golden Mega Charge	Golden Machine Gun	Golden Frenzy	Happiness Is A Golden Gun	Bouncing Bullets	Golden Yamato Blast	Golden Money Bags	Just Throwing Money Away	Coinsplosion	Heads or Tails	Infinite Ammo	Megablast / Rocket Ride!	https://skylanders.fandom.com/wiki/Trigger_Happy
tritip	Tri-Tip	Rock Blast	Summon Fossil Traps	Posey Power Swing	What Goes Up	Peleolithic Pounder	Mightier Mace	Fault Zone	Jurassic Whirled	Jurassic Justice	Historic Preservation	Fossil Forte	Matador Might	Never Saw It Coming	Mesozoic Mayhem	https://skylanders.fandom.com/wiki/Tri-Tip
tuffluck	Tuff Luck	Warblade Stab	Green Thumb	Control Your Destiny	Glave Wave	Pouncy Pounce!	Poison Ivy	Powerful Pounce	4-Leafed Clover	Warblade Whacker	Wave Goodbye	Lucky Spin	Wiggin' Warblade	Garden of Pain		https://skylanders.fandom.com/wiki/Tuff_Luck
turbochargedonkeykong	Turbo Charge Donkey Kong	Bongo Barrel	Super Donkey Kong	Barrels of Fun	Old School	Powder Keg Power	Boom Barrels	Explosive Landing	Bongo Blast	Pointy Preperations	Spikey Barrels	Barrel Rolled	Healthy Kong	Diddy You Call?		https://skylanders.fandom.com/wiki/Turbo_Charge_Donkey_Kong
voodood	Voodood	Magical Tripwire Bomb	Weighted Axe	Tripwire Reserves	Extended Blade	Elementalist	Roadblock Tripwire	Electric Feedback	Electro Axe	Marauder	Shaman Style	Legendary Blade	Hyperwire	Impervious Tripwire		https://skylanders.fandom.com/wiki/Voodood
wallop	Wallop	Tantrum Mode	Hammer Slammer	When Hammers Collide	Cutting Edge	Tantrum Thrower	Instant Tantrum	Total Meltdown	Aftershock Wave	Hammer Handler	Better With Shrapnel	What A Collision!	Traptanium Splinters	Now That's A Hammer!		https://skylanders.fandom.com/wiki/Wallop
warnado	Warnado	Sharp Shell	Extended Tornado	High Winds	Whirlwind Flight	Eye of the Storm	Low Friction Shell	Flying Mini Turtles	Turtle Slam	Wind Master	Guided Twister	Summon Cyclone	Wind Elemental	Thick Shelled		https://skylanders.fandom.com/wiki/Warnado
whamshell	Wham-Shell	Starfishicus Giganticus	King's Mace	Starfishicus Superioralis	Poseidon Strike	Captain Crustacean	Crustacean Combos	Mega Trident	Mace of the Deep	Commander Crab	Triplicate Starfish	Semi-Eternal Pursuit	Nightmare Huggers	Carapace Plating		https://skylanders.fandom.com/wiki/Wham-Shell
whirlwind	Whirlwind	Rainbow Chain	Triple Tempest	Dragon Flight	Dual Rainbows	Ultimate Rainbower	Double Dose of Doom	Atomic Rainbow	Rainbow Singularity	Tempest Dragon	Triple Rainbow, It's Full On	Tempest Tantrum	Tempest Matrix	Rainbow of Healing	Cloudbursting / Rainbow Rush	https://skylanders.fandom.com/wiki/Whirlwind
wildfire	Wildfire	Heat Shield	Extra Chains	Fire Roar	Hotter Heat Shield.	Shield Slasher	Burning Bash	Fire Spin	Searing Slam	Chain Champion	Lots of Chains	Blazing Breath	No Escape!	Lion Form		https://skylanders.fandom.com/wiki/Wildfire
wildstorm	Wild Storm	Use Your Head!	Uproar	Thunderstorms	Uproar Galore	Feral Beast	Brute Edge	Untamed Air	Running Wild	Wild Weather	Cut Loose	Chain Lighting	Electrical Storm	Release the Beast	Unchained Lightning	https://skylanders.fandom.com/wiki/Wild_Storm
windup	Wind-Up	Overcrank Stabilizer	Winding Weapon	Spring Shot	Power Pistons	Toy Box	Cymbals	Crash Cymbals	Toy Gun	Winder	Windup Punch	Auto Wind Up	Power Crank	Spring-Loaded Crank		https://skylanders.fandom.com/wiki/Wind-Up
wolfgang	Wolfgang	Song of the Underworld	Ultrasonic Supercharge	Now in Stereo	Power Chord	Soundmeister	Lay Some Tracks	Song Stuck in my Head	Amp it Up	Crowd Pleaser	Surround Sound	Encore	Grand Finale	Rock Concert	Crowd Surfer	https://skylanders.fandom.com/wiki/Wolfgang
wreckingball	Wrecking Ball	Magic Ball Control	Power Belch	Tongue Evolution	Digestive Detonation	Total Tongue	Lightning Tongue	Tongue Grabber	Tongue Supermax	Ultimate Spinner	Forcefield Blast	Swath of Terror	It's Gotta Go Somewhere	Enemy Slurp	Disco Ball	https://skylanders.fandom.com/wiki/Wrecking_Ball
zap	Zap	Electro-Slime	Stay Awhile	MegaVolt	Wave Rider	Tesla Dragon	Lightning Strikes Twice	Electric Wave	Tesla Storm	Slime Serpent	Strength in Numbers	Charged with Punishment	More Electro'd Slime	Love for the Sea	For Riley	https://skylanders.fandom.com/wiki/Zap
zook	Zook	Hardwood Shells	Fungal Bloom	Mortar Attack	Full Splinter Jacket	Artilleryman	High Velocity Shrapnel	Old Growth Bazooka	Exploding Shrapnel	Floral Defender	Cactus Barrier	Mortar of Life	Fightin' Foliage	MIRV Mortar	Target Lock	https://skylanders.fandom.com/wiki/Zook
zoolou	Zoo Lou	Piggyback Ride	Raging Boar	Swoop Re-loop	Better Beaks	The Bucking Boar	Rough Rider	Thicker Pigskin	Hog Wild	The Wild Wolf	Alpha Wolf	Hunger of the Wolf	Hunter and Gatherer	Birds of Prey		https://skylanders.fandom.com/wiki/Zoo_Lou
